site,A,R,N,D,C,E,Q,G,H,I,L,K,M,F,P,S,T,W,Y,V,*
1,0.05071724312491604,0.04999373972830126,0.04641464527029819,0.05033830478845816,0.04725142637029973,0.04341080399231428,0.0497261619639213,0.05030775450151102,0.048413272737094525,0.052232429580806344,0.05228398220576998,0.048948727041224833,0.048752884656118094,0.048212834442641926,0.0513285087511583,0.05307922098165797,0.05034336220789407,0.04975583505257384,0.049963546673141596,0.051546205478821806,0.006979110451076674
2,0.05713678118145128,0.055584541366063236,0.059505517084702406,0.07631995300399255,0.005105343670264727,0.052533896642179216,0.05440017341443767,0.06790376255986547,0.07305396865254025,0.06310348336198913,0.04498803719280727,0.0649697601342476,0.03170876015942978,0.014409810078110985,0.04142596085344858,0.07312574852839634,0.043489632284311304,0.02599328754438825,0.049258939806244906,0.04597501048582857,0.0001
3,0.0526069098998275,0.054173302876910426,0.07035493880118238,0.00027876485185374144,0.03941204024541707,0.01354000709003887,0.10741075232259757,0.055746333112370816,0.046480720417422655,0.057677775300214604,0.06866243791492752,0.05275292958413184,0.03666421527714447,0.06546991663536443,0.04583690635480806,0.055932176346939984,0.07020891911687803,0.03365753723215054,0.03649164655933025,0.03663102898525712,0.0001
4,0.06104807517941793,0.051835296767463984,0.045583994075322515,0.06138905532626201,0.0013702350345401006,0.06819602936881607,0.0636748851995501,0.06801340079261368,0.02062298443690308,0.0009534815217306691,0.037722507356417335,0.05747304855116766,0.06724886229424917,0.04459894031777295,0.06386431861446348,0.05648272988000552,0.05703208678325432,0.04752252935460275,0.058503352972414886,0.06685736657009485,0.0001
5,0.061298348885658854,0.05481848256082795,0.0448511563685374,0.05550816499052895,0.05605953445001393,0.04462076821239109,0.060950956617594275,0.047011410003112715,0.040423611537319465,0.053691262681330405,0.05475106582343115,0.005510852744210216,0.048689958681792225,0.058931846331626,0.04683565639666698,0.05195758532280494,0.05500997358499727,0.06080142360402578,0.019531885982170902,0.056353272000765356,0.022392783220193908
6,0.04625669687659219,0.05420803162006515,0.046735320909694456,0.04753817412651113,0.031087402924238443,0.06715403974123423,0.05378344578424863,0.037564266856057675,0.07065880282233783,0.06902993716129628,0.048943167255940334,0.08321882382003735,0.0005095030029798205,0.049699702017940675,0.05613796723741295,0.05059519214439005,0.05602217110037208,0.045098735506183506,0.049251956954715986,0.012405626148311692,0.024101035989439388
7,0.08065788571212489,0.07203577212717845,0.029285614095064593,0.0012013663087277996,0.09113749643595045,0.002005357607645635,0.09467690640704851,0.04430269295416209,0.027095430901460837,0.02665184949516134,0.06726727200945887,0.024230634319109927,0.018528764992301834,0.08312530728466583,0.10408452873231698,0.07350513553554552,0.019092483029474108,0.049450085523095814,0.082321315985748,0.009333692090885214,0.0001
8,0.06347251534123782,0.051057853663285406,0.07060055075441624,0.0695577455735994,0.05858189104386262,0.05599467819019046,0.028234940275534512,0.05325566458234875,0.027442936340736905,0.038610191821383096,0.04349421608596831,0.0704706565949743,0.03822078988677427,0.03892699339530213,0.06415231871860576,0.07125395400062425,0.04847064080961324,0.039190994706901336,0.018196290401974905,0.050807052417266164,0.0001
9,0.05402092384112801,0.05338364173194407,0.05690102525841378,0.014522307457767492,0.047937776435281264,0.020013233105584727,0.05414966770156921,0.0363765777676614,0.05210907751357618,0.0607606649352249,0.054329909106186895,0.06092025252065212,0.04195762411778747,0.051439609439281934,0.05172928312527463,0.052759234008804244,0.06175842985364421,0.060187754756261556,0.05406609873308354,0.060670732747886806,0.0001
10,0.0445113815437233,0.04855846514765466,0.05832705643045013,0.044391839764365906,0.05678221070512415,0.09472379103874869,0.07275220746594033,0.030023252268207515,0.050571520686130175,0.0009770935465315052,0.037872153823488706,0.03945411513608221,0.02910857010876402,0.07713610720118161,0.08487143111122268,0.03958640051792994,0.06990611772578408,0.0018999041182557045,0.07632186257907202,0.04221504670223891,0.0001
11,0.05578936267859549,0.05687417326007205,0.053382162622097384,0.06260169732708908,0.060324708707249396,0.05933336672310151,0.008743946094554443,0.060217722181942296,0.06135679877468911,0.051293413025328034,0.06236935154955442,0.06246228986056829,0.0029198119376855846,0.05602631182285815,0.044958642336282634,0.05623542302263934,0.06159580273826672,0.0030592194042063825,0.053470508269976874,0.05873701256076253,0.0082482751024805
12,0.06753919001033351,0.059484551129953996,0.051275144752290655,0.061018768059550095,0.030617048375711615,0.0273938470192356,0.05189421474142593,0.04333489923946875,0.02325549872229876,0.051746176265763145,0.06825919532378431,0.060850542519024206,0.024110084468170267,0.0527420714656764,0.044122194769129895,0.0654531933078125,0.052668052227845014,0.051833653546836604,0.05595181477891035,0.05644303335724594,0.0001
13,0.04696229149858862,0.04394712801769504,0.05970151724588841,0.050649625182229166,0.029255407871939747,0.04809537841179066,0.05785144878308959,0.06831169746202823,0.06503293100341717,0.04115602127105047,0.06617995767617355,0.0628831228722241,0.03813445616917835,0.0657382458286541,0.0019781008823696678,0.04163614284444116,0.04231471466816668,0.03684132873151274,0.06747700857329474,0.06441311028609578,0.0014403647201720882
14,0.06432158744497958,0.05960448328690863,0.0673768891845148,0.06805302804763275,0.05248658432599856,0.061794064470729625,0.013433186169551341,0.06166733629931877,0.062451397427932986,0.031618678767009994,0.051162978980151784,0.05407068646863433,0.06787701669845099,0.05714736485233136,0.054753610503459525,0.04619945893322637,0.019776635194061698,0.015045450128056194,0.030541489310017676,0.06061126820422825,0.0001
15,0.059560085015450646,0.05448813690692207,0.05627650952432137,0.018656303144709563,0.042370124051424374,0.05742802654492066,0.0433286917743504,0.053543876164935236,0.0501438505625139,0.05642673282418291,0.051955801280684645,0.05964580353550166,0.0545075306750343,0.056677104990618815,0.053100359755820205,0.05719686140069153,0.05573284424863198,0.022140053003403413,0.04541751099147279,0.05139782902405607,0.0001
16,0.04425895556808282,0.05723748270383847,0.05288781837749194,0.03172244144929022,0.03692410188079743,0.06623148670117358,0.05651360631373956,0.03937118843847692,0.04955029980013325,0.03307410444319172,0.04290088658842823,0.08371342182134989,0.04338133551990981,0.04022318454363758,0.04633449495208324,0.05338748526623278,0.05994721467739456,0.050991646594577986,0.04408599395274946,0.06017783016450572,0.007085020242914981
17,0.05087249556842851,0.05170234843731538,0.053997017355070745,0.04439549929856075,0.016175844179135753,0.056404848027674315,0.05429249527050774,0.0541650750834094,0.04947683392530059,0.04723245912081109,0.045013231372954536,0.05103512469789168,0.055216649601768114,0.04764738555525453,0.04740220175308341,0.05179036313553065,0.040643930282981994,0.05544925987562277,0.04523955488265096,0.0515011719842519,0.03034621059179491
18,0.04821641744010864,0.061791882616007425,0.04902874944490268,0.04960640775942289,0.034533136114911205,0.05882487169530788,0.04124239674709904,0.06329570635872991,0.0446602084413436,0.04632097609558921,0.05120700267257263,0.055653768239556325,0.058994110861906784,0.062038096069826534,0.04256619705120786,0.042223212426961476,0.05804262606106177,0.03598329917532131,0.04434731018764516,0.0502683079114773,0.0011553166290404165
19,0.04443779255327974,0.0619371619358362,0.05359921826977011,0.049380038694050235,0.01807914646917045,0.06615115149220131,0.0656845016419998,0.057086831674650854,0.005925039007103965,0.059165544643730285,0.054866709660055815,0.06460979289608118,0.059405940021106815,0.06228361409734944,0.062033694834222254,0.06249572766562285,0.0005939179911655525,0.019111432501434388,0.05955640621257078,0.058465569868428026,0.015130767870170031
20,0.03658175387737899,0.04862921253517524,0.040918838994185636,0.024732723950417018,0.06700136155487502,0.007618245915959397,0.0651596566171155,0.035915600281006724,0.053574268583782975,0.04950796834315568,0.04565986831304781,0.05738842365343181,0.054823023633359905,0.058952836063883796,0.055276575018124004,0.05791992918245224,0.06091053362574049,0.058954593278945325,0.06747285522404597,0.048997723035296065,0.0040040083186205205
21,0.024881501727733922,0.05590217294181473,0.0012018479946816648,0.0007470946993967105,0.14891994300478897,0.0013480186967375427,0.0022900076655420908,0.013740045993252544,0.050672510046037754,0.16700814769339944,0.0684403709403856,0.0017540484246705377,0.16105643653111004,0.006399028512223999,0.07157492044002832,0.005343351219598211,0.11001781508072428,0.00048723567351959375,0.001656601289966619,0.10654220060961786,0.0001
22,0.05631274942008434,0.061682787205595356,0.06343623883412802,0.0007338759698534013,0.048357533906873466,0.06753615925237569,0.029335468768273303,0.040098982992789856,0.008620596392544621,0.06508990601953102,0.07463235950767354,0.07837795358034327,0.05542231324332888,0.0004109705431179048,0.002583243413883973,0.06296655821342183,0.058426312213262124,0.05729215259888206,0.06758508431703258,0.07280049620945742,0.028298257397547162
23,0.007030816190152546,0.002434796268185123,0.004322447307564601,0.0014225775948946784,0.14822164248344938,0.000793360581768186,0.00155936390209609,0.004295090046124317,0.0024621535296254046,0.13509015699211388,0.1999268666055829,0.08141521004628005,0.12737540926595428,0.02281595604119542,0.0009027896275293151,0.00155936390209609,0.09594191587106994,0.0023253672224239938,0.007906248556241577,0.15217847527899175,0.0001
24,0.07419726662415299,0.11535061621325747,0.10531485665715835,0.005132381732716467,0.03953685140557173,0.003421587821810977,0.06713855788939335,0.005630802005972395,0.10649493640828132,0.1110668960268957,0.004607019823068324,0.12634280386128013,0.0005927160006286732,0.007489774917035052,0.010439884101982313,0.08210463690526734,0.06405374052248503,0.0006061868188247795,0.001535673274356108,0.06893017670947549,0.0001
25,0.18411832617902238,0.0001,0.00459097368501668,0.007245994611291387,0.06139735892010259,0.0014012610444227617,0.031380872336941326,0.007411933419183555,0.007245994611291387,0.11149244125821633,0.1602141227475701,0.00311596205930851,0.006434738217151893,0.0018990774680992695,0.014270737478726547,0.0057709829855832175,0.15913531676859022,0.014270737478726547,0.0019543904040633256,0.21660545723524482,0.0001
26,0.0022705759549551323,0.029103638595040657,0.0739559025328243,0.024920409988374553,0.006118251464829839,0.0034785671034041677,0.07441449176510588,0.002427167400124452,0.034763300827588925,0.1280023213226923,0.11184687830929911,0.10371946221822138,0.03887941881489675,0.08106962818480196,0.007896682877824253,0.006632766213243316,0.05915801096432362,0.11785743269636566,0.011073252194116163,0.07797135459109471,0.004440485980872845
27,0.14389863263305766,0.11985080893210712,0.10440880877715493,0.047579264245548314,0.007236106352803678,0.025408431172834357,0.047579264245548314,0.15631481702747246,0.010324506383794113,0.0001,0.004908616474376103,0.047579264245548314,0.02396120990227362,0.005042894736593078,0.047579264245548314,0.10440880877715493,0.047579264245548314,0.05627751167582572,0.0001,0.0001,0.0001
28,0.04160039648107404,0.08783452603582761,0.03936093083076566,0.04160039648107404,0.027183191349826104,0.09616450486833468,0.10004322587137975,0.00149641713960698,0.08016667821011739,0.027183191349826104,0.07744216700421225,0.0741225184650837,0.020382233453267482,0.0051910194567055925,0.09709842126523381,0.02554229255536052,0.04160039648107404,0.027183191349826104,0.06161110567899082,0.027183191349826104,0.0001
29,0.12372522907504635,0.09119032116220678,0.1398339761635986,0.1447671146398137,0.00121675265365091,0.08908745516296228,0.0015870686786751001,0.10415138203805344,0.06768847914549303,0.0008728877732713051,0.006652462878113128,0.023409263010457725,0.03566936855322288,0.0038618671181094104,0.05242616868556747,0.0007406320500483801,0.07792507212294741,0.000608376326825455,0.03387069071739109,0.0007009553330815026,0.0001
30,0.08002510857705224,0.08633796869940168,0.08560238325905835,0.0012735509116391906,0.05060169096331922,0.08027762298194623,0.06454487766833449,0.05139217083950906,0.003403455022484044,0.05092007869122901,0.003754779411901752,0.001526065316533168,0.001756621947088539,0.07048419969870044,0.053653821596385556,0.08851178835892375,0.0802117496589304,0.06383807816690314,0.08099682607827961,0.0008783109735442695,0.0001
31,0.08350112804804155,0.07944971280890589,0.07712288648913203,0.006086247667800646,0.05247677711772341,0.00873244230597484,0.08403949178477355,0.07121913500327443,0.029737752847619654,0.07235973614041849,0.028642775755961365,0.09395156058413431,0.057084805711785376,0.03252081962225113,0.007829086205356755,0.0964492321569008,0.026261200581604586,0.0051646419489882545,0.017711254457572795,0.06964966783856422,0.0001
32,0.1116449216161147,0.06909647467558751,0.030458629330888717,0.014706065156143379,0.0015146696321870518,0.12932524714091628,0.09650585739293548,0.0010740384664599096,0.004075838282976068,0.06063412146303344,0.1016756414915381,0.11064153043792,0.0025060897550731225,0.007022559203776331,0.0031119576079479427,0.10572969369320036,0.0023683925157833904,0.0014320512886132127,0.07925242862765795,0.05372946277085342,0.013494329450393736
33,0.016587663150383666,0.03521523309596014,0.0053323879383110374,0.0001,0.012812046187351352,0.0009304838013160199,0.0008231202857795562,0.0001,0.037559336518506264,0.19463215974835285,0.10292582356095667,0.000697862850987015,0.13182450315952152,0.15289715452714384,0.018233903721942776,0.022761065293730336,0.10577095672267295,0.0009662716398281747,0.018090752367894154,0.14188088578143696,0.0001
34,0.038634784345783234,0.05973848201420412,0.05460878171952053,0.05171591529755722,0.07878713796210461,0.00659984552551739,0.06330318899864525,0.026715542366765006,0.0879478816316551,0.05442698956732066,0.04614359063230002,0.059920274166404,0.05290942029678252,0.063666773303045,0.014195595884825428,0.043400900336067055,0.001399009171277339,0.07302511713803014,0.06607749532134775,0.05677447953268433,0.0001
35,0.0001,0.02003150251536118,0.003789743719122386,0.005251502010783878,0.0001,0.0020031502515361187,0.004168718091034625,0.014780000504577308,0.008499853770031637,0.0508908442282149,0.02257604472677193,0.022413627138809542,0.027340293973668647,0.5312137910289836,0.009203663317868654,0.0001,0.0001,0.004168718091034625,0.2488237447583784,0.02457919497830805,0.0001
36,0.17404520792464168,0.16849583797253592,0.04485446158740258,0.0032518600993231184,0.005761447784670307,0.0005478677341250905,0.13834543944294225,0.01731968965943835,0.007422724139759293,0.003181167488468268,0.01924606330523302,0.18475513846915154,0.05768517045755792,0.0028453775869077286,0.04135517735008749,0.0045773465528515635,0.0008306381775444922,0.08152625346835622,0.0020500857147906617,0.0038527472915893465,0.03805029779262323
37,0.08556567389526173,0.0026519607667314133,0.0001,0.0001,0.12264519762769313,0.0023484230886115526,0.00038341601446719223,0.0001,0.0002236593417725288,0.11463767040344557,0.1389084269080099,0.05113811092956177,0.13232074586958267,0.05746447516827044,0.0010064670379763797,0.0007029293598565192,0.13763037352645258,0.0010863453743237114,0.0001,0.1511457880364211,0.0001
38,0.0013684089675098027,0.08043203820140953,0.08018876549607444,0.00034970451391917186,0.02245711161124421,0.01146422623891546,0.07903322014573286,0.10984996663487322,0.07693499306221782,0.0005017499547535944,0.05169544988370367,0.13664323767789555,0.0006385908515045746,0.02245711161124421,0.07378765243694527,0.07647885673971454,0.04658672307166707,0.02245711161124421,0.07240403892535201,0.001140340806258169,0.03313070155782068
39,0.013382341380368035,0.007104919941638216,0.005267833173391114,0.011002110262263965,0.004207836027652639,0.005136786247914374,0.5342899796111938,0.006812750776043276,0.20451291085595938,0.004953435898585642,0.005371773076397576,0.0043857170499584965,0.004274319836889551,0.0338962715058648,0.005150403466549645,0.0059589012085453094,0.004891645498843615,0.10821062878201394,0.021897130311934174,0.005017985251103018,0.004274319836889551
40,0.08615615141593215,0.01755451138392001,0.007317276527356756,0.0019118774774566343,0.001355694938560159,0.019796622243846426,0.004849216511003646,0.07600582008107148,0.00031285267812926744,0.09201344877868567,0.0498304793442561,0.0010254615560903765,0.16786401828917014,0.0006952281736205943,0.04824883524926925,0.09698433022007291,0.17300753100548488,0.0009211773300472876,0.07126088779611092,0.0014078370515817036,0.08148074194833366
41,0.09289422934282746,0.016154873164218958,0.0004302032339415516,0.05199525292983236,0.08365227711022104,0.011170449488206498,0.06711170449488207,0.038970479157395044,0.0662661326212728,0.01870642337932057,0.07040498442367601,0.07814864263462394,0.017044948820649754,0.0004450378282153983,0.0245067497403946,0.09694407357958759,0.15761756415962022,0.00020768431983385252,0.0003856994511200118,0.08712357217030114,0.01981901794985907
42,0.06106409911722622,0.054984737213971464,0.0464731776692063,0.060217749857112195,0.04629008951992164,0.061597977110453374,0.0602595097391213,0.05393648150542161,0.06393197771463856,0.05813067011085775,0.06124342514541026,0.045135943057993025,0.003206398391819395,0.03781825389275492,0.05369917378338422,0.04771967484353217,0.05364641612523257,0.013742827337064549,0.05433630135379029,0.06242400362342881,0.0001411128876595333
43,0.0007974746298424979,0.0001,0.013457384378592152,0.003223126628946763,0.035919586452489174,0.003721548272598324,0.0007974746298424979,0.0050839007652459245,0.001063299506456664,0.017909951061879432,0.2942016821927282,0.0001,0.25806040163804395,0.26001813676726043,0.014387771446741733,0.0001,0.003289582848100304,0.0001,0.08469845131118864,0.003223126628946763,0.0001
44,0.07293390163030314,0.08220268404149814,0.03413813038828615,0.023396391085075418,0.04986185054249676,0.08222370505774708,0.07181208298631761,0.06840542372170029,0.07081980374269459,0.06700491123281763,0.07460358666750463,0.08376874975204451,0.0015555552024219055,0.01849849429907131,0.00033633625998311475,0.0684969814471862,0.001250750466812208,0.038899390568672115,0.0008303301418333146,0.07579127408557002,0.013169666679963835
45,0.07633667009463069,0.08520534762385487,0.06344878338726874,0.02011491541734676,0.0005566510364087517,0.004962685511033956,0.061307092111594394,0.0008208244096196847,0.08324291685143079,0.07558188902831374,0.06213735128454303,0.09679123699182007,0.00016039097659235218,0.05304223943542377,0.00031134718985574247,0.03747487994263664,0.04731533809474389,0.07260050381636177,0.08180883282542858,0.06341104433395289,0.013369059637139002
46,0.00031629370800370746,0.0013003185773485754,0.0018274747573547544,0.02632266525497521,0.00010543123600123582,0.0004217249440049433,0.0001,0.012932898282818262,0.018415322554882523,0.21855895223056188,0.27507009472722427,0.0004568686893386886,0.20225225439570407,0.002389774682694679,0.0009137373786773772,0.014373791841501818,0.0003514374533374528,0.0005271561800061792,0.005095843073393066,0.21831294601322568,0.0001
47,0.006724720768612559,0.0001,0.004734203421103242,0.0001613932984467014,0.00349685479967853,0.0001,0.0001,0.0018291240490626158,0.0003227865968934028,0.12986780748344573,0.011297530891269099,0.5557847220842906,0.22482086473625507,0.0026360905412961227,0.007208900663952663,0.0003227865968934028,0.0002151910645956019,0.002044315113658218,0.0001,0.011512721955864698,0.03679767204584792
48,0.0787515321309753,0.10298838498803478,0.006683009397069982,0.0990048444522267,0.0006712192844218758,0.15513920504289966,0.050239304266619975,0.041250802544796586,0.0029037529913033327,0.003925173641510535,0.012942858810482695,0.07783225354578882,0.10031809957392167,0.06538551333683534,0.0012840716745461975,0.1235773069514971,0.0021741668125839025,0.0010943792680791454,0.007106169380727252,0.06092044592307243,0.0058075059826066654
49,0.06506499417893757,0.057959826004314534,0.003307162083544811,0.04062739990223297,0.07482695196553461,0.052938733205939933,0.0015610448764177454,0.029603526290416935,0.014918439179786082,0.07345270292862716,0.08323426908074823,0.030528887943963537,0.07411744513754563,0.0722600611427755,0.001464485399525926,0.08547123029540872,0.07966156843575092,0.06197509091839935,0.0033393485758420847,0.07324036322244494,0.020446469231842738
50,0.0065826523724592245,0.018381746247621986,0.05035108059990509,0.0006955255336938049,0.0007452059289576482,0.0001,0.0012171696839641587,0.007452059289576481,0.004694797352433183,0.035173719846800997,0.0015400922531791394,0.07047164068176158,0.0008694069171172562,0.18237673101356844,0.001564932450811061,0.001689133438970669,0.003999271818739378,0.26862750755101555,0.27393769948483143,0.03065280387779126,0.03894942988685308
51,0.002919743910854167,0.0367811895263447,0.0010238063064034093,0.0008342125459583335,0.4458866058147292,0.0007583750417803032,0.0012892375710265153,0.00587740657379735,0.02043820737597917,0.0006446187855132576,0.0032989314317443184,0.004664006506948865,0.13646958876836554,0.005194869036195077,0.014219532033380684,0.13347400735333334,0.09999174925873297,0.0003791875208901516,0.031700076746416665,0.05411005923102463,0.0001
52,0.05623887384406109,0.06130567495630684,0.026099917357265922,0.06539053786850496,0.0007528192867031806,0.06536435284983703,0.0856119185348191,0.022944622607779543,0.07887582248249238,0.00033385898801619314,0.055407499501354096,0.02614574113993481,0.003927752800190507,0.07312166463021329,0.019573301454282693,0.0720808101381628,0.06906953299135007,0.08537039043830454,0.07389412268091741,0.04552265495420798,0.012968130495295658
53,0.015389642121601637,0.16780893250898213,0.0007557413541857946,0.0016145383475787433,0.11818764223073758,0.0015114827083715892,0.006939079706615023,0.04986175343639459,0.006939079706615023,0.061884911343895864,0.0897442858095631,0.043197488767665305,0.022552009046498827,0.12153695050497007,0.0016488902273144607,0.019408812050680634,0.03330414740377854,0.10587249334548267,0.0017691218063894739,0.13005621667942813,0.0001
54,0.07248824305359357,0.049809503156085566,0.07257140529229769,0.0004426885235398395,0.061453502593274985,0.06177964284067094,0.07311246904329083,0.020019358786746076,0.054549931726707905,0.04677788136447464,0.05948750004100911,0.0422462968379519,0.04143448756517747,0.054234262895003015,0.01280845461441936,0.06750799725801186,0.0593202621543385,0.04690530844973233,0.050687674433744154,0.0436864343085494,0.008676695061380855
55,0.06107807576362096,0.05273633934104196,0.07192824923809606,0.06491172484293385,0.04393314515891605,0.04593279545028604,0.11779985142079316,0.12110308125545535,0.11483139120340799,0.0005679480117500591,0.037520065526238294,0.0011240637732553257,0.09537976922327558,0.05793069719850605,0.0010057412708073968,0.08360668022970665,0.014742983805011956,0.00047329000979171607,0.0036561653256410066,0.00041412875856775157,0.009323813192896806
56,0.10141268328629097,0.0952498508324312,0.019932284574197184,0.0032752580286239505,0.0015373660134357316,0.002713785223716987,0.03986456914839437,0.0010293668089960987,0.00131010321144958,0.09769105772223559,0.0746090410520419,0.09336490641595784,0.07303156983825566,0.031455845474906756,0.0023261016203288457,0.04697655801054923,0.015106292132020667,0.09541027163383319,0.09014054326090017,0.11355119059237484,0.0001
57,0.1337246502398064,0.05938129111780201,0.0001,0.00039226395516635487,0.0001,0.12076126048335639,0.06685298550192305,0.09447957548721063,0.0024656591467599447,0.0031567908772911412,0.05982959278084926,0.1560514582106325,0.0001,0.0001,0.1629389752817197,0.13536842300431304,0.003026036225569023,0.0001,0.0001,0.0014569804049036038,0.0001
58,0.008276820868539227,0.007740945273714379,0.006897524482460704,0.008520218899370704,0.004789595632489769,0.007366081095810537,0.30591869757684653,0.01985476681155023,0.5421727412500548,0.007131064834777383,0.009378223474268801,0.004784155763258389,0.005475944686625552,0.005633687949203243,0.008348749331644385,0.008895296761899856,0.00763943176147538,0.01608206956424538,0.004224614015295133,0.00539342527984394,0.005475944686625552
59,0.04421686992542397,0.06640958100616408,0.1179303811606924,0.09158004825723133,0.01469775498410535,0.0950087779443822,0.03530607504591667,0.08991699952814297,0.0798937598906644,0.0003595781035866752,0.006337564075715151,0.04696988978100945,0.0002134994990045884,0.04203692767242975,0.037283754615643386,0.06807262973525245,0.025923333905451866,0.06261153728702983,0.04411573858379021,0.031103505960247406,0.0001
60,0.07670359597954406,0.052707287733591984,0.00043539180332209567,0.03643607405515481,0.07263579255993477,0.019605070915303505,0.043850174477439635,0.05230921522769749,0.0359509231885959,0.03450791035472838,0.08547363087503199,0.00037319297427608207,0.05819322445545039,0.07588257143613666,0.0008210245434073804,0.11755578689696583,0.059337682909897035,0.055232560192860145,0.1065511400514413,0.001903284168808018,0.013534465200412573
61,0.011119885588259387,0.09282284560570375,0.031380144057918766,0.00046513140106532454,0.10343224318573567,0.01060066914055856,0.08664049254279756,0.0019037936415697006,0.07299317893927465,0.10260038738013393,0.1136543169998457,0.06586476979271538,0.004467424852092536,0.07264703464080743,0.0012223220539623644,0.062489862882659994,0.0005949355129905315,0.003050396630242361,0.05793590195595065,0.1041028977640159,0.0001
62,0.0028422930680223287,0.11307915955968144,0.04182581264753547,0.00031853284383008855,0.04792694173320409,0.06380457887181158,0.017801085464812256,0.0072282453022981625,0.0863959082572994,0.09536383293743882,0.04673856920045338,0.0538443018705092,0.05729915809974324,0.03026062016385841,0.0007228245302298164,0.057409419468761345,0.05217813007201335,0.10260722008807113,0.07748923989328114,0.03940006252913711,0.005464063398008442
63,0.07930397568371995,0.01465478997657682,0.0043854733096988,0.002960194484046689,0.04009053517282986,0.0019734629893644598,0.14618244365662664,0.002485101542162653,0.20527669650481795,0.015056791696632545,0.049300029123197336,0.0006943666073689766,0.0016810981020512067,0.38994166845405154,0.020538633333756044,0.0013521876038237964,0.0015349156583945795,0.015056791696632545,0.00186382615662199,0.005628024080780126,0.0001
64,0.002106509369510338,0.004920428601915939,0.06049140338713269,0.02499514848896595,0.0014619803833168764,0.001933586958580385,0.0001,0.003002561862511004,0.0744981186724589,0.13366902364885377,0.14075884249698184,0.0011947366573342216,0.12483703206398328,0.09639638398386115,0.0028925203282828523,0.008724721642374908,0.08485774310908063,0.0011790164381587712,0.10550432577582249,0.1265477643623748,0.0001
65,0.018556097124401354,0.0013109057651830432,0.030670674540575683,0.0003164255295269415,0.0022601823537638675,0.004610772001678291,0.0008814711179679083,0.007842832767560622,0.2245765341023039,0.02323467459669256,0.0004520364707527735,0.0013561094122583207,0.009876996885948104,0.22705791925911814,0.0025766078832908093,0.011210504474668783,0.0008136656473549924,0.20603822336911418,0.22454911684644027,0.001785544059473456,0.0001
66,0.06070699473514559,0.003040722037176319,0.10013967981089505,0.05736542387450307,0.08786934565380897,0.12237025894488021,0.04293542494896315,0.07282690448049856,0.0009132910712367037,0.0037713548941656822,0.07173095519501452,0.007886537015149889,0.10627484688943807,0.11508541957666274,0.01223810035457183,0.014892016761577311,0.0004082948318469969,0.07746857204254862,0.018233587622219834,0.020285806382292902,0.0035564628774041045
67,0.0026594149459980765,0.014136889976095038,0.1221931183082274,0.037126832338209986,0.0001,0.0010147767557097923,0.28287776872958487,0.3165753554795342,0.03772170147086746,0.0014346843787621203,0.02613924953500741,0.0016796304922093112,0.0022395073229457487,0.0014346843787621203,0.08457639374312304,0.05518286012946009,0.001854592001814448,0.0001,0.00745336030917882,0.0036042070978658143,0.0001
68,0.05700624341594723,0.06688635980976579,0.05930550379707715,0.057636663933303044,0.06145892022216657,0.03996929777546368,0.0754689106384024,0.052195272389914435,0.06795988927882515,0.0217913098244792,0.057702609381304656,0.07464487403613962,0.0036138517782403437,0.07035109060514586,0.012377983336248365,0.07410891900645596,0.053900844941926755,0.02716880782982486,0.031193816397206323,0.035251284711098924,0.0001
69,0.05421747010066602,0.07166122463952647,0.06098003210755869,0.018452655681510388,0.0451373598168166,0.035472379305344054,0.04831759167951749,0.059437436882202634,0.0531012491621287,0.06282968420241691,0.0559501481499996,0.045130048938971316,0.05449528345878701,0.00785188280584079,0.059605587072644295,0.07020021226430526,0.058918364555187085,0.052323952738736065,0.019739370182281318,0.06493521702186024,0.0012428492336991942
70,0.0001,0.0001,0.0001,0.023551510840018566,0.0001,0.0001,0.0027790782791221906,0.030522758048664056,0.0001,0.4736208829927734,0.0030616964092024133,0.03688166597546907,0.002637769214082079,0.0001,0.0001,0.013047537005370284,0.0001,0.005511053536564344,0.0001,0.4078650647274415,0.0001
71,0.07271654887224681,0.06558087568167269,0.06819622859159664,0.03433201252068679,0.050750792626168176,0.0010030333069769278,0.0330597085272731,0.07097302117756878,0.04354780176398487,0.06995139023225666,0.06650985954987951,0.000949179169689576,0.05497894315937635,0.04298906508962859,0.02652316261402077,0.0709561120973812,0.06629444300073009,0.047331054908421336,0.06493462603422447,0.04841486942132928,0.0001
72,0.0001,0.0001,0.07715311952703977,0.49103061213170873,0.013651630890419491,0.032440460861554325,0.14132054137782685,0.0010464664794049784,0.09841541572222275,0.006897165432441904,0.020263396373932763,0.0023307662495838156,0.00570799897857261,0.04157325922727051,0.0001,0.0037577659942269683,0.0493266245064983,0.004471265866548544,0.005089632422560577,0.005327465713334436,0.0001
73,0.055413498723642526,0.0673418716520548,0.08055136643644012,0.06427514472221259,0.0681583379125972,0.043850212334497186,0.02645217925415854,0.06643911220950384,0.013800271184289987,0.02244286525929988,0.059223674606173775,0.058294363415312495,0.02244950319637746,0.06355824751783387,0.019993466477672656,0.05900462268261361,0.05283797913754128,0.03266528835877395,0.0676472167576235,0.05559272302473721,0.0001
74,0.06387257655014869,0.012293948642865518,0.08293889449226344,0.0781990588709177,0.07094118557573202,0.07544238363975306,0.075294263776586,0.0010368390421693812,0.09775910969025593,0.04100451545341291,0.03145901316042495,0.028611820235102683,0.08870899962727166,0.014030242594434882,0.0007405993158352722,0.07828134768378828,0.05885295896504296,0.020415854473192337,0.02429165755939693,0.044460645593977506,0.011364085057427899
75,0.006275726503330141,0.010940117823372814,0.00038163201709440046,0.0007208604767338676,0.26205398507148836,0.0015689316258325353,0.0001,0.029724893775908305,0.00016961422981973356,0.0001,0.00016961422981973356,0.0001,0.0001,0.001102492493828268,0.007887061686617609,0.2414458561483907,0.4178446551609136,0.01891198662490029,0.00042403557454933385,0.00016961422981973356,0.0001
76,0.12975119249434675,0.028782136019908634,0.0001,0.0003308291496541223,0.3064801242395789,0.022992625900961496,0.02557309326826365,0.0001,0.0012571507686856644,0.0001,0.00016541457482706115,0.05501688758748053,0.0001,0.0006616582993082446,0.3362878306234153,0.0013894824285473133,0.011810600642652165,0.0013894824285473133,0.0009924874489623669,0.0001,0.07695086020954883
77,0.04506362980866241,0.06242140617061454,0.06395243423848103,0.0629585295181183,0.027455336849473797,0.058729182086681035,0.04916983403382781,0.06809891242849955,0.04063703703726594,0.05511990703526176,0.002360413575294128,0.06847160930880915,0.0633453925691122,0.06675057649244547,0.01023281785411443,0.06088690086742082,0.03647198593626217,0.041330122463806594,0.053054731238020666,0.04822828402041408,0.01526095646741411
78,0.042399041483848814,0.025352113956063294,0.027609421036569555,0.0827869752901285,0.0017462186849199412,0.09254959030075688,0.08080520487717947,0.09059041811767597,0.03155970842745552,0.02017734395075176,0.08271113868572014,0.059414025986910195,0.07677429269843279,0.0017568663598279896,0.007708916633427058,0.042303212409676376,0.0041100025145066905,0.06443972854350905,0.05375123873407582,0.07949022123460264,0.03196432007396136
79,0.02443189690520667,0.0037492455621818,0.0001,0.005685669094297675,0.004078849567648332,0.0001,0.0015244185252827097,0.0005356065088831142,0.0018128220300659252,0.014131771734377553,0.3501630553075068,0.02414349340042346,0.3139478152068716,0.0022660275375824064,0.0001,0.00914651115169626,0.003790446062865116,0.001030012517082912,0.04181850819356623,0.00222482703689909,0.19541397474097008
80,0.08013102492990228,0.06551327765962899,0.0026991736980823745,0.0066313032829431184,0.10182438391078653,0.1012134598227432,0.05459439804969082,0.11674203936973562,0.09205873602760513,0.002054926477963948,0.06165890204961013,0.053950150829572406,0.00837521386153955,0.10456441399147104,0.005220624025097597,0.10988858187295857,0.0010552325157112165,0.02378160859092331,0.005831548113140932,0.002199326716956009,0.0001
81,0.002070189243024371,0.04661062447173053,0.21973580108101537,0.02848427051050199,0.04157163804235426,0.007887951833677475,0.00015381506075671077,0.001937217389883007,0.048067206486472114,0.0007823756905224353,0.0006209731964340362,0.030763012151342153,0.00015381506075671077,0.00015381506075671077,0.19226882594588846,0.004646980687513921,0.0904794475039475,0.049617761534422836,0.04157163804235426,0.19226882594588846,0.00015381506075671077
82,0.05755536952812711,0.06919686955720644,0.055792464249876,0.06875720602306748,0.056713677673138146,0.06968940178883044,0.017975472182115006,0.06858900202745895,0.001669207228474981,0.0680667507429859,0.06668167932997458,0.05748563795274356,0.05638732016024666,0.017014890663841667,0.0012361581833517544,0.05223358846086332,0.0499773857748289,0.037202849785586245,0.058918797901703915,0.06884930184539997,0.0001
83,0.04028471117379855,0.057176137489600945,0.0031652805045044165,0.06769231648338973,0.07075556878467894,0.08025661815656372,0.07691259240004024,0.07017240685515437,0.004639928833661768,0.0062039497888286554,0.014247486129686935,0.0687722357143383,0.007522196022469317,0.06811683645693503,0.0629555673048843,0.04989226846982372,0.0575112848371367,0.07966824836866762,0.02780978212663409,0.051828675366697004,0.03441590873250566
84,0.06389661066254194,0.060124175998243636,0.04375268871039553,0.0646566496457984,0.05627218763215872,0.06469715287171976,0.04883020652637942,0.05309024419168367,0.007153297649942704,0.050687767294778134,0.06035544270043166,0.06188030059969359,0.0530947930944505,0.054726603391798266,0.0025262826450222586,0.05584165408128077,0.036016414607643536,0.043592636665869273,0.05914003914920135,0.02716767058363509,0.03249718129733178
85,0.12127732135691646,0.0007548380997318451,0.10239018444335714,0.13187650634065112,0.1267380680922187,0.12167635407335244,0.00029879008114385537,0.11860965059767271,0.0009120960371759796,0.0016040309619301711,0.00039314484361033605,0.00028306428739944194,0.0015725793744413442,0.0004560480185879898,0.03489553631885343,0.11984627412617485,0.09109952316138707,0.00012580634995530755,0.011762893720821257,0.013414102063984667,0.0001
86,0.05719631818098257,0.06106238313245927,0.045364771934701474,0.0032732262802877884,0.06688355433998458,0.051576964393436474,0.06207147023235532,0.023316218801972932,0.04119598085325594,0.06480231219644898,0.06806292488798807,0.05041651422855603,0.06210300420422707,0.05976949028571747,0.001393801556731409,0.05581513021299986,0.06350311255533282,0.026122742298558804,0.06308686412662572,0.07297591770560694,0.0001
87,0.0001137337559194439,0.0001,0.0001,0.0001,0.0001,0.0001,0.001288982567087031,0.0008719587953824033,0.0001,0.43779913778591284,0.19008701739336392,0.0001516450078925919,0.024149467506895263,0.0011373375591944392,0.0001,0.025817562593713768,0.002577965134174062,0.0001,0.0001,0.3155353501725106,0.0001
88,0.04522904740789328,0.039888898150156366,0.052691226419936156,0.0567160679787231,0.0014117635968729776,0.07623523423114077,0.02205332575239465,0.07131598343706787,0.0015871379567329747,0.07537690508421901,0.07090170372331385,0.026735821160656575,0.058767947989085065,0.06603721520528194,0.005831197465344907,0.053033206421663155,0.06961485214642589,0.057643862098237776,0.06172370333446991,0.04648297408089226,0.040721926359491345
89,0.18290634875014433,0.0006641479620557166,0.0012903446119939634,0.0011195637074653507,0.17837116695210672,0.0001,0.0001,0.004781865326801159,0.017248871357389894,0.07590262423493904,0.006527625684204757,0.0001,0.06891958280532465,0.01407993679558119,0.012334176438177594,0.05992512183348437,0.1828873730940856,0.0001,0.0001,0.19292549514915627,0.0001
90,0.043699464791217474,0.04887790848416453,0.033723345323922405,0.0002538452790660324,0.0493855990422966,0.0005457673499919696,0.059145950022385554,0.007183821397568717,0.09655005189276541,0.0007742281011513988,0.06712938404901227,0.009963427203341771,0.08813508089172645,0.09453198192419046,0.0007361513092914939,0.008084972138253132,0.02043454496481561,0.10525694496473033,0.14599911225482853,0.11957381870405456,0.0001
91,0.059335922250729124,0.06718909229695288,0.025168829714646214,0.01106407208482757,0.06068627408640535,0.03599305128574676,0.06769200466444505,0.06306521088351716,0.06226828820887573,0.04306477288402116,0.02291732973095054,0.06701113868999412,0.05741515742212601,0.00046422680076199603,0.04868965428658735,0.0578582794850752,0.06061254595282461,0.059467453177611686,0.062461716042526566,0.06756821085090851,0.0001
92,0.0396199434099201,0.049936021079300244,0.05048672898495888,0.04217957170382644,0.054589890704584504,0.07484973647332203,0.0667209775278255,0.04072135922123738,0.06928836227110732,0.004335855200889846,0.03685089098287596,0.026635647155376984,0.058522410537949716,0.056771198378335115,0.036176079887209736,0.05495444382523178,0.050145789847789335,0.06793641431222325,0.049649032452407704,0.043692079332043846,0.02593756671158434
93,0.004069264405453483,0.006793858518510827,0.026946748794317837,0.7534522309940634,0.004976180235780528,0.02261687097156989,0.003842606378069724,0.07490460775964373,0.006865475036751339,0.007329022273640518,0.004539405053833105,0.008432315949242318,0.005063389614006751,0.005806295524432946,0.025754734437464635,0.004485358209489581,0.006029509458763101,0.0051419863215170945,0.004645878827311963,0.004998837489358298,0.013305423746778821
94,0.07914573985030818,0.08783464321079062,0.03232022266429966,0.006922575983300176,0.05834232851905045,0.0006512217097692175,0.06059038154455514,0.018385862244306266,0.015584716807764699,0.09265189969401497,0.03703934984879166,0.018314495481591832,0.08898543225956089,0.0002765462055184348,0.01386299365727896,0.06867266742196489,0.09950310891460071,0.0892084533930435,0.0008742428432518262,0.0976386522386861,0.03319446550755148
95,0.10821383333772362,0.0033241277156461383,0.07872343002256563,0.0008984128961205778,0.05889096534070387,0.0008759525737175633,0.0021337306282863725,0.21525972991049047,0.04757096284958459,0.05889096534070387,0.035869134877614076,0.0006064287048813901,0.04757096284958459,0.05889096534070387,0.039822151620544616,0.11463748554498573,0.0040653183549456155,0.05889096534070387,0.005951985436798828,0.05889096534070387,0.0001
96,0.06428411265926388,0.0001,0.002260756255601023,0.001179525002922273,0.0001,0.0001,0.004718100011689092,0.44070002921683427,0.0001,0.014449181285797842,0.09868692524449685,0.03789224071887802,0.0001,0.21683601303721117,0.0001,0.0012778187531657958,0.11131767215078953,0.0001,0.001818434379505171,0.004226631260471478,0.0001
